<?xml version="1.0" encoding="UTF-8"?>
<jcr:root xmlns:sling="http://sling.apache.org/jcr/sling/1.0" xmlns:granite="http://www.adobe.com/jcr/granite/1.0" xmlns:cq="http://www.day.com/jcr/cq/1.0" xmlns:jcr="http://www.jcp.org/jcr/1.0" xmlns:nt="http://www.jcp.org/jcr/nt/1.0"
    jcr:primaryType="cq:Page">
    <jcr:content
        jcr:mixinTypes="[]"
        jcr:primaryType="nt:unstructured"
        jcr:title="Page Template/Structure Conversion Tool"
        sling:resourceType="granite/ui/components/shell/page"
        consoleId="aem-modernize-structure">
        <head jcr:primaryType="nt:unstructured">
            <clientlibs
                jcr:primaryType="nt:unstructured"
                sling:resourceType="granite/ui/components/coral/foundation/includeclientlibs"
                categories="[granite.shared,coralui3,granite.ui.coral.foundation,granite.ui.coral.foundation.admin,aem.modernize.structure]"/>
        </head>
        <title
            jcr:primaryType="nt:unstructured"
            sling:resourceType="granite/ui/components/coral/foundation/text"
            text="Page Template/Structure Conversion Tool"/>
        <actions jcr:primaryType="nt:unstructured">
            <secondary jcr:primaryType="nt:unstructured">
                <convert
                    granite:class="aem-StructureConverter-convertPages js-aem-StructureConverter-convertPages"
                    jcr:primaryType="nt:unstructured"
                    sling:resourceType="granite/ui/components/coral/foundation/collection/action"
                    activeSelectionCount="multiple"
                    target=".aem-modernize-structure-pages"
                    text="Convert Pages(s)"
                    variant="primary">
                </convert>
                <back
                    granite:class="js-aem-StructureConverter-back"
                    granite:hidden="{Boolean}true"
                    jcr:primaryType="nt:unstructured"
                    sling:resourceType="granite/ui/components/coral/foundation/button"
                    text="Back">
                </back>
            </secondary>
        </actions>
        <content
            granite:class="js-aem-StructureConverter-container"
            jcr:primaryType="nt:unstructured"
            sling:resourceType="granite/ui/components/coral/foundation/container">
            <items jcr:primaryType="nt:unstructured">
                <pageSearch
                    granite:class="js-aem-StructureConverter-pageSearch"
                    jcr:primaryType="nt:unstructured"
                    sling:resourceType="granite/ui/components/coral/foundation/container">
                    <items jcr:primaryType="nt:unstructured">
                        <actionbar
                            jcr:primaryType="nt:unstructured"
                            sling:resourceType="granite/ui/components/coral/foundation/actionbar">
                            <primary jcr:primaryType="nt:unstructured">
                                <pathField
                                    granite:class="js-aem-StructureConverter-searchPath aem-StructureConverter-searchPath"
                                    jcr:primaryType="nt:unstructured"
                                    sling:resourceType="granite/ui/components/coral/foundation/form/pathfield"
                                    emptyText="Enter a path, e.g. /content/weretail/en"
                                    value="${empty param.path ? &quot;&quot; : param.path}"/>
                                <showButton
                                    granite:class="js-aem-StructureConverter-showPages"
                                    jcr:primaryType="nt:unstructured"
                                    sling:resourceType="granite/ui/components/coral/foundation/button"
                                    text="Show Pages"/>
                            </primary>
                            <secondary jcr:primaryType="nt:unstructured">
                                <text
                                    granite:class="js-aem-StructureConverter-infoText aem-StructureConverter-infoText"
                                    jcr:primaryType="nt:unstructured"
                                    sling:resourceType="granite/ui/components/coral/foundation/text"
                                    text=""/>
                            </secondary>
                        </actionbar>
                        <pages
                            granite:class="js-aem-StructureConverter-pages"
                            granite:rel="aem-modernize-structure-pages"
                            jcr:primaryType="nt:unstructured"
                            sling:resourceType="granite/ui/components/coral/foundation/table"
                            itemResourceType="cq/modernize/templatestructure/content/item"
                            orderable="{Boolean}false"
                            path="${param.path}"
                            selectionMode="row">
                            <columns jcr:primaryType="nt:unstructured">
                                <select
                                    jcr:primaryType="nt:unstructured"
                                    fixedWidth="{Boolean}true"
                                    select="{Boolean}true"/>
                                <page
                                    jcr:primaryType="nt:unstructured"
                                    jcr:title="Page (path)"
                                    sortable="{Boolean}true"/>
                                <template
                                    jcr:primaryType="nt:unstructured"
                                    jcr:title="Template"
                                    alignment="center"
                                    sortable="{Boolean}true"/>
                                <links
                                    jcr:primaryType="nt:unstructured"
                                    jcr:title="Links"
                                    alignment="center"/>
                                <convertedLinks
                                    jcr:primaryType="nt:unstructured"
                                    jcr:title="Converted Page"
                                    alignment="center"
                                    sortable="{Boolean}true"/>
                            </columns>
                            <datasource
                                jcr:primaryType="nt:unstructured"
                                sling:resourceType="cq/modernize/templatestructure/datasource"/>
                        </pages>
                    </items>
                </pageSearch>
                <convertedPages
                    granite:class="js-aem-StructureConverter-convertedPages"
                    granite:hidden="{Boolean}true"
                    jcr:primaryType="nt:unstructured"
                    sling:resourceType="granite/ui/components/coral/foundation/table"
                    orderable="{Boolean}false">
                    <columns jcr:primaryType="nt:unstructured">
                        <page
                            jcr:primaryType="nt:unstructured"
                            jcr:title="Page (path)"
                            sortable="{Boolean}true"/>
                        <conversion
                            jcr:primaryType="nt:unstructured"
                            jcr:title="Conversion result"/>
                        <message
                            jcr:primaryType="nt:unstructured"
                            jcr:title="Message"
                            sortable="{Boolean}true"/>
                    </columns>
                </convertedPages>
            </items>
        </content>
    </jcr:content>
</jcr:root>
