<?xml version="1.0" encoding="UTF-8"?>
<jcr:root xmlns:sling="http://sling.apache.org/jcr/sling/1.0" xmlns:granite="http://www.adobe.com/jcr/granite/1.0" xmlns:cq="http://www.day.com/jcr/cq/1.0" xmlns:jcr="http://www.jcp.org/jcr/1.0" xmlns:nt="http://www.jcp.org/jcr/nt/1.0"
    jcr:primaryType="cq:Page">
    <jcr:content
        jcr:primaryType="nt:unstructured"
        jcr:title="Policies Importer Tool"
        sling:resourceType="granite/ui/components/shell/page"
        consoleId="aem-modernize-design">
        <head jcr:primaryType="nt:unstructured">
            <clientlibs
                jcr:primaryType="nt:unstructured"
                sling:resourceType="granite/ui/components/coral/foundation/includeclientlibs"
                categories="[granite.shared,coralui3,granite.ui.coral.foundation,granite.ui.coral.foundation.admin,aem.modernize.design]"/>
        </head>
        <title
            jcr:primaryType="nt:unstructured"
            sling:resourceType="granite/ui/components/coral/foundation/text"
            text="Policies Importer Tool"/>
        <actions jcr:primaryType="nt:unstructured">
            <secondary jcr:primaryType="nt:unstructured">
                <targetPath
                    granite:class="js-aem-PoliciesImporter-targetPath aem-PoliciesImporter-targetPath"
                    jcr:primaryType="nt:unstructured"
                    sling:resourceType="cq/cloudconfig/components/admin/configpathbrowser"
                    disabled="{Boolean}true"
                    emptyText="Select target path, e.g. /conf/geometrixx"
                    fieldLabel=""
                    name="targetPath"
                    renderReadOnly="{Boolean}true"/>
                <import
                    granite:class="js-aem-PoliciesImporter-importDesignProperties"
                    jcr:primaryType="nt:unstructured"
                    sling:resourceType="granite/ui/components/coral/foundation/collection/action"
                    activeSelectionCount="multiple"
                    disabled="{Boolean}true"
                    target=".aem-modernize-design-import"
                    text="Import design properties"
                    variant="primary">
                    <granite:data
                        jcr:primaryType="nt:unstructured"
                        src.uritemplate="/libs/cq/modernize/design/content/console/import.html"/>
                </import>
                <back
                    granite:class="js-aem-PoliciesImporter-back"
                    granite:hidden="{Boolean}true"
                    jcr:primaryType="nt:unstructured"
                    sling:resourceType="granite/ui/components/coral/foundation/button"
                    text="Back"/>
            </secondary>
        </actions>
        <content
            granite:class="js-aem-PoliciesImporter-container"
            jcr:primaryType="nt:unstructured"
            sling:resourceType="granite/ui/components/coral/foundation/container">
            <items jcr:primaryType="nt:unstructured">
                <designSearch
                    granite:class="js-aem-PoliciesImporter-designSearch"
                    jcr:primaryType="nt:unstructured"
                    sling:resourceType="granite/ui/components/coral/foundation/container">
                    <items jcr:primaryType="nt:unstructured">
                        <actionbar
                            jcr:primaryType="nt:unstructured"
                            sling:resourceType="granite/ui/components/coral/foundation/actionbar">
                            <primary jcr:primaryType="nt:unstructured">
                                <designPath
                                    granite:class="js-aem-PoliciesImporter-designPath aem-PoliciesImporter-designPath"
                                    jcr:primaryType="nt:unstructured"
                                    sling:resourceType="wcm/designer/gui/components/designfield"
                                    emptyText="Select design path, e.g. /etc/designs/geometrixx"
                                    name="designPath"
                                    renderReadOnly="{Boolean}true"
                                    value="${empty param.designPath ? &quot;&quot; : param.designPath}"/>
                                <showButton
                                    granite:class="js-aem-PoliciesImporter-showProperties"
                                    jcr:primaryType="nt:unstructured"
                                    sling:resourceType="granite/ui/components/coral/foundation/button"
                                    text="Show Styles"/>
                            </primary>
                            <secondary jcr:primaryType="nt:unstructured">
                                <text
                                    granite:class="js-aem-PoliciesImporter-infoText aem-PoliciesImporter-infoText"
                                    jcr:primaryType="nt:unstructured"
                                    sling:resourceType="granite/ui/components/coral/foundation/text"
                                    text=""/>
                            </secondary>
                        </actionbar>
                        <designProperties
                            granite:class="js-aem-PoliciesImporter-designProperties"
                            granite:rel="aem-modernize-design-designs"
                            jcr:primaryType="nt:unstructured"
                            sling:resourceType="granite/ui/components/coral/foundation/table"
                            designPath="${param.designPath}"
                            itemResourceType="cq/modernize/design/item"
                            orderable="{Boolean}false"
                            selectionMode="row">
                            <columns jcr:primaryType="nt:unstructured">
                                <select
                                    jcr:primaryType="nt:unstructured"
                                    fixedWidth="{Boolean}true"
                                    select="{Boolean}true"/>
                                <cellPath
                                    jcr:primaryType="nt:unstructured"
                                    jcr:title="Cell path"
                                    sortable="{Boolean}true"/>
                                <type
                                    jcr:primaryType="nt:unstructured"
                                    jcr:title="Type"
                                    alignment="center"
                                    sortable="{Boolean}true"/>
                                <previousDesign
                                    jcr:primaryType="nt:unstructured"
                                    jcr:title="Previous design"
                                    alignment="center"/>
                                <importedLinks
                                    jcr:primaryType="nt:unstructured"
                                    jcr:title="Imported policies"
                                    alignment="center"
                                    sortable="{Boolean}true"/>
                            </columns>
                            <datasource
                                jcr:primaryType="nt:unstructured"
                                sling:resourceType="cq/modernize/design/componentstyles/datasource"/>
                        </designProperties>
                    </items>
                </designSearch>
                <importedPolicies
                    granite:class="js-aem-PoliciesImporter-importedPolicies"
                    granite:hidden="{Boolean}true"
                    jcr:primaryType="nt:unstructured"
                    sling:resourceType="granite/ui/components/coral/foundation/table"
                    orderable="{Boolean}false">
                    <columns jcr:primaryType="nt:unstructured">
                        <policyPath
                            jcr:primaryType="nt:unstructured"
                            jcr:title="Policy path"
                            sortable="{Boolean}true"/>
                        <import
                            jcr:primaryType="nt:unstructured"
                            jcr:title="Import result"/>
                        <message
                            jcr:primaryType="nt:unstructured"
                            jcr:title="Message"
                            sortable="{Boolean}true"/>
                    </columns>
                </importedPolicies>
            </items>
        </content>
    </jcr:content>
</jcr:root>
